{
  "id": "1786081",
  "name": "淘宝",
  "font_family": "iconfont",
  "css_prefix_text": "icon-",
  "description": "",
  "glyphs": [
    {
      "icon_id": "802180",
      "name": "导航",
      "font_class": "nav",
      "unicode": "e600",
      "unicode_decimal": 58880
    },
    {
      "icon_id": "1819703",
      "name": "淘宝",
      "font_class": "taobao",
      "unicode": "e60d",
      "unicode_decimal": 58893
    },
    {
      "icon_id": "2353507",
      "name": "向左",
      "font_class": "goLeft",
      "unicode": "e610",
      "unicode_decimal": 58896
    },
    {
      "icon_id": "3417875",
      "name": "向左",
      "font_class": "xiangzuo1",
      "unicode": "e601",
      "unicode_decimal": 58881
    },
    {
      "icon_id": "3464487",
      "name": "搜索",
      "font_class": "sousuo",
      "unicode": "e628",
      "unicode_decimal": 58920
    },
    {
      "icon_id": "3490804",
      "name": "相机",
      "font_class": "xiangji",
      "unicode": "e62f",
      "unicode_decimal": 58927
    },
    {
      "icon_id": "3723343",
      "name": "淘宝",
      "font_class": "taobao1",
      "unicode": "e65e",
      "unicode_decimal": 58974
    },
    {
      "icon_id": "4000768",
      "name": "x",
      "font_class": "x",
      "unicode": "e605",
      "unicode_decimal": 58885
    },
    {
      "icon_id": "5563818",
      "name": "购物车",
      "font_class": "gouwuche2",
      "unicode": "e660",
      "unicode_decimal": 58976
    },
    {
      "icon_id": "5777734",
      "name": "五角星",
      "font_class": "start",
      "unicode": "e602",
      "unicode_decimal": 58882
    },
    {
      "icon_id": "8184170",
      "name": "淘宝",
      "font_class": "taobao2",
      "unicode": "e603",
      "unicode_decimal": 58883
    },
    {
      "icon_id": "12037697",
      "name": "向下",
      "font_class": "arrow-down",
      "unicode": "e604",
      "unicode_decimal": 58884
    }
  ]
}
