{
  "id": "1776992",
  "name": "天猫超市",
  "font_family": "iconfont",
  "css_prefix_text": "icon-",
  "description": "",
  "glyphs": [
    {
      "icon_id": "3104603",
      "name": "向左",
      "font_class": "xiangzuo",
      "unicode": "e60e",
      "unicode_decimal": 58894
    },
    {
      "icon_id": "3252260",
      "name": "向左",
      "font_class": "goRight",
      "unicode": "e60f",
      "unicode_decimal": 58895
    },
    {
      "icon_id": "1015",
      "name": "卷纸",
      "font_class": "juanzhi",
      "unicode": "e605",
      "unicode_decimal": 58885
    },
    {
      "icon_id": "5025",
      "name": "奶瓶",
      "font_class": "naiping1",
      "unicode": "e606",
      "unicode_decimal": 58886
    },
    {
      "icon_id": "622774",
      "name": "飞行 旅游 出差 飞机 800",
      "font_class": "feiji800",
      "unicode": "e669",
      "unicode_decimal": 58985
    },
    {
      "icon_id": "1183175",
      "name": "向右",
      "font_class": "xiangyou",
      "unicode": "e683",
      "unicode_decimal": 59011
    },
    {
      "icon_id": "1912304",
      "name": "剪刀",
      "font_class": "xinxinicon",
      "unicode": "e60a",
      "unicode_decimal": 58890
    },
    {
      "icon_id": "2180846",
      "name": "向右",
      "font_class": "xiangyou1",
      "unicode": "e618",
      "unicode_decimal": 58904
    },
    {
      "icon_id": "3865238",
      "name": "油桶",
      "font_class": "youtong",
      "unicode": "e613",
      "unicode_decimal": 58899
    },
    {
      "icon_id": "3889349",
      "name": "饮料",
      "font_class": "yinliao",
      "unicode": "e609",
      "unicode_decimal": 58889
    },
    {
      "icon_id": "7598879",
      "name": "口红",
      "font_class": "kouhong1",
      "unicode": "e608",
      "unicode_decimal": 58888
    },
    {
      "icon_id": "8843671",
      "name": "向右",
      "font_class": "xiangyou2",
      "unicode": "e648",
      "unicode_decimal": 58952
    },
    {
      "icon_id": "1173017",
      "name": "车巴巴-购物车",
      "font_class": "head104",
      "unicode": "e654",
      "unicode_decimal": 58964
    },
    {
      "icon_id": "2480669",
      "name": "三角_下",
      "font_class": "sanjiao_xia",
      "unicode": "e631",
      "unicode_decimal": 58929
    },
    {
      "icon_id": "5121504",
      "name": "三角上",
      "font_class": "sanjiaoshang",
      "unicode": "e643",
      "unicode_decimal": 58947
    },
    {
      "icon_id": "1222256",
      "name": "产品列表_向上收起",
      "font_class": "chanpinliebiaoxiangshangshouqi",
      "unicode": "e660",
      "unicode_decimal": 58976
    },
    {
      "icon_id": "5124358",
      "name": "剪刀",
      "font_class": "tubiaoCSban-",
      "unicode": "e604",
      "unicode_decimal": 58884
    },
    {
      "icon_id": "7219142",
      "name": "奶瓶",
      "font_class": "naiping",
      "unicode": "e60c",
      "unicode_decimal": 58892
    },
    {
      "icon_id": "9016300",
      "name": "奶茶",
      "font_class": "naicha",
      "unicode": "e607",
      "unicode_decimal": 58887
    },
    {
      "icon_id": "11159622",
      "name": "飞机",
      "font_class": "feiji",
      "unicode": "e64c",
      "unicode_decimal": 58956
    },
    {
      "icon_id": "13247440",
      "name": "奶瓶",
      "font_class": "icon-",
      "unicode": "e615",
      "unicode_decimal": 58901
    },
    {
      "icon_id": "13720665",
      "name": "卫生纸",
      "font_class": "weishengzhi",
      "unicode": "e60d",
      "unicode_decimal": 58893
    },
    {
      "icon_id": "646697",
      "name": "充值",
      "font_class": "chongzhi",
      "unicode": "e638",
      "unicode_decimal": 58936
    },
    {
      "icon_id": "1923394",
      "name": "油桶",
      "font_class": "xinicom",
      "unicode": "e629",
      "unicode_decimal": 58921
    },
    {
      "icon_id": "2121676",
      "name": "口红",
      "font_class": "kouhong",
      "unicode": "e60b",
      "unicode_decimal": 58891
    },
    {
      "icon_id": "6571",
      "name": "购物车",
      "font_class": "gouwuche1",
      "unicode": "e603",
      "unicode_decimal": 58883
    },
    {
      "icon_id": "666888",
      "name": "手机",
      "font_class": "shouji1",
      "unicode": "e692",
      "unicode_decimal": 59026
    },
    {
      "icon_id": "6019688",
      "name": "淘宝购物车",
      "font_class": "gouwuche",
      "unicode": "e602",
      "unicode_decimal": 58882
    },
    {
      "icon_id": "9094770",
      "name": "网站导航",
      "font_class": "wangzhandaohang",
      "unicode": "e61d",
      "unicode_decimal": 58909
    },
    {
      "icon_id": "1297",
      "name": "向下",
      "font_class": "xiangxia",
      "unicode": "e600",
      "unicode_decimal": 58880
    },
    {
      "icon_id": "6692",
      "name": "满88元包邮",
      "font_class": "man88yuanbaoyou",
      "unicode": "e601",
      "unicode_decimal": 58881
    },
    {
      "icon_id": "485842",
      "name": "1 ",
      "font_class": "1",
      "unicode": "e626",
      "unicode_decimal": 58918
    },
    {
      "icon_id": "1048883",
      "name": "向下",
      "font_class": "icon_on_the_down",
      "unicode": "e624",
      "unicode_decimal": 58916
    },
    {
      "icon_id": "10593776",
      "name": "房子,主页,home,首页_jurassic",
      "font_class": "jurassic_home",
      "unicode": "e69b",
      "unicode_decimal": 59035
    }
  ]
}
